Gene_Name_Final,Initiation_Rate,Sd_score,Gene_length,A_nuc,C_nuc,G_nuc,T_nuc,E40w65,E40w120,E40w20,E40w75,E40w35,E40w95,E40w45,E40w60,E40w80,E40w25,E40w30,E40w90,E40w55,E40w110,E40w105,E40w85,E40w40,E40w100,E40w115,E40w50,E40w70
b4637,0.010649881,2,29,3,2,4,2,-11.2,-23.5,-0.9,-11.4,-2.1,-19.9,-4.8,-11.2,-11.4,-0.9,-0.9,-14.9,-7.7,-21.2,-21.2,-11.5,-4.8,-21.2,-21.3,-7.1,-11.2
b4606,0.227698135,4,20,1,0,3,0,-9.7,-16.9,0,-9.7,0,-14.8,-1.9,-6.4,-9.7,0,0,-12.1,-4.5,-16.9,-16.9,-11.4,-0.6,-16.9,-16.9,-1.9,-9.7
b4599,0.169061427,3,32,4,2,4,1,-6.2,-23.2,0,-7.5,-1.5,-10.7,-2.8,-5.5,-9.1,0,0,-9.1,-4.3,-21.9,-21.1,-9.1,-1.5,-15,-21.9,-3.7,-7.5
b4596,0.04974711,2,58,1,2,3,0,-6.7,-28.8,-1.5,-9.6,-3,-25.2,-3.4,-6.7,-9.6,-2.7,-3,-16,-4.3,-28.7,-28.7,-13.8,-3,-28.6,-28.8,-3.4,-8.4
b4550,0.132031295,3,73,1,1,5,4,-5.9,-15.7,-0.3,-5.9,-2,-11.9,-2,-4.5,-8.6,-0.3,-2,-10.6,-3.4,-15.7,-15.7,-10.6,-2,-13.5,-15.7,-2.3,-5.9
b4453,0.020623975,3,36,2,3,4,2,-19.6,-48.1,-1,-24.2,-9.1,-34.2,-17,-18.5,-24.5,-1,-3.3,-31.2,-17,-36.7,-36.7,-29.3,-17,-36.7,-47.5,-17,-21.9
b4411,0.102351063,2,49,1,1,4,2,-4.1,-20.8,0,-7.4,-1,-10.9,-1.6,-3.1,-7.4,0,-1,-10.9,-3.1,-19.5,-19,-10.1,-1,-14.1,-19.5,-3.1,-6.6
b4409,0.169945338,1,42,2,1,4,0,-9.3,-27.3,0,-9.3,-0.4,-19.4,-2.7,-6.3,-16.2,0,-0.2,-19,-3.7,-23.9,-22.3,-16.8,-2.7,-22.3,-24.9,-3,-9.3
b4401,0.186690826,1,239,4,2,4,2,-7.3,-29.2,0,-9.6,-2.7,-15.1,-3.7,-5,-10.5,0,0,-13.4,-4.7,-16.1,-15.4,-12.8,-2.7,-15.4,-22.1,-4.7,-7.9
b4397,0.239657707,3,158,3,1,4,2,-5.1,-25.7,-1.8,-5.1,-2.7,-12.5,-2.7,-5.1,-6.1,-2.7,-2.7,-9.5,-4.2,-17.3,-17.3,-8.5,-2.7,-14.8,-20.5,-2.7,-5.1
b4383,0.137240624,2,408,3,2,4,2,-10.9,-28.1,-0.5,-15,-0.6,-21.6,-1.8,-6.2,-17.2,-0.5,-0.6,-20.4,-5.7,-24.9,-23.2,-18.1,-0.6,-22.2,-25.5,-5.7,-14.3
b4381,0.728394205,1,260,3,1,4,2,-9.1,-19.7,0,-14,-6.7,-16.3,-8.6,-8.7,-14,-1.5,-5.9,-15.5,-8.6,-18.7,-18.7,-14,-8.6,-17.6,-18.7,-8.6,-13.4
b4372,0.034803987,2,138,1,3,1,6,-9.9,-40.2,-1,-15.9,-5.1,-27.9,-5.1,-8.4,-20.7,-4.1,-5.1,-26.8,-6.9,-33.7,-32,-22.9,-5.1,-30.5,-38.5,-5.3,-10.6
b4324,0.149191241,3,258,2,5,2,0,-4.1,-19.7,0,-4.1,-1.9,-13.9,-1.9,-2.6,-5.1,0,-1.9,-11.8,-2.6,-16.8,-13.9,-7,-1.9,-13.9,-16.8,-1.9,-4.1
b4258,0.175423972,0,952,4,2,2,2,-10.9,-22.4,-1.3,-10.9,-9.5,-15.9,-9.5,-9.7,-12.1,-3.9,-8.8,-13.3,-9.7,-19.4,-17.9,-13.2,-9.5,-15.9,-19.4,-9.5,-10.9
b4255,0.422877054,3,139,2,2,5,1,-7.3,-17.4,0,-8.6,0,-14.8,-3.6,-6.2,-8.6,0,0,-12.9,-4.4,-15.9,-15.4,-12.1,-3.6,-15.4,-17.4,-3.6,-8
b4243,0.465619846,3,129,3,1,3,2,-3.6,-19.8,0,-8.6,-2.5,-15.9,-2.5,-3.1,-9.4,-1.1,-2.2,-10.2,-2.5,-18.9,-18.9,-10.2,-2.5,-15.9,-18.9,-2.5,-5.9
b4217,0.256053309,1,69,4,2,6,2,-7,-23.4,-3.4,-10.1,-4.7,-15.4,-4.7,-7,-15.2,-3.6,-3.6,-15.4,-7,-21.5,-20.6,-15.2,-4.7,-18.2,-23.4,-4.7,-10.1
b4206,0.126179019,1,213,3,3,3,5,-10.7,-31.9,0,-12.1,-1.6,-18.9,-2.5,-10.5,-12.1,-0.3,-1.6,-17,-9.7,-27.1,-25.6,-12.7,-2.1,-24.3,-31.9,-7.8,-10.7
b4178,0.103371416,1,142,1,0,3,3,-6.8,-26.8,0,-7.9,-1.9,-15.5,-6,-6.8,-12.1,0,0,-14.7,-6.8,-23.7,-20.5,-14.5,-4.5,-15.5,-26.8,-6.8,-7.9
b4177,0.207528892,2,433,5,0,3,2,-13.9,-22.2,0,-14.8,0,-19,-5.9,-8,-14.8,0,0,-16.8,-6.5,-22.2,-20.5,-14.8,-0.7,-19,-22.2,-5.9,-13.9
b4172,0.397524477,4,103,3,0,4,3,-4.4,-26.8,0,-7.4,0,-20.4,0,-3.7,-10.2,0,0,-11,-1.9,-24.4,-23.1,-10.2,0,-21.7,-24.9,-0.1,-6.6
b4155,0.335524901,4,326,3,1,3,4,-8.9,-26.3,0,-9.3,0,-13.8,-1.9,-8.9,-9.3,0,0,-13.8,-5.3,-23.2,-17.3,-9.3,-0.6,-15.5,-26,-3.7,-9.3
b4144,0.289557992,2,118,3,1,5,2,-11.6,-27.2,-4.3,-14.9,-7.7,-21.4,-8.5,-8.7,-18.8,-4.4,-4.4,-19.7,-8.7,-24.9,-22.9,-18.9,-7.7,-21.8,-24.9,-8.7,-11.7
b4143,0.167605099,4,549,3,0,3,3,-2.2,-21.4,0,-8.1,0,-13.7,0,-2.2,-9.2,0,0,-13.7,-2.2,-18.9,-18.9,-13.7,0,-18.9,-21.4,-2.2,-6.7
b4138,0.054697478,2,434,3,1,4,2,-7.9,-29.2,0,-13.3,-4.7,-22.5,-6.1,-7.9,-14.8,-0.9,-4.7,-16.6,-6.8,-25,-25,-15.9,-4.7,-25,-29.2,-6.8,-10.3
b4059,0.601264272,5,179,3,3,4,0,-4.6,-22.1,0,-8.1,-0.2,-16.6,-0.2,-4.6,-11.6,0,0,-14.8,-3,-21.2,-21.2,-11.6,-0.2,-21.2,-22.1,-0.2,-5
b4052,0.06528236,1,472,2,5,4,2,-4.1,-28.8,0,-6.7,-0.7,-9.9,-4.1,-4.1,-8.3,-0.7,-0.7,-9.9,-4.1,-24.7,-22,-9.9,-4.1,-19.1,-25.1,-4.1,-5.8
b4043,0.204822689,3,203,2,3,3,5,-12,-30,0,-13.7,-2.3,-18.3,-5.4,-9,-13.9,-2.3,-2.3,-17,-9,-22.9,-22.9,-16.8,-2.3,-20,-26.8,-9,-12
b4042,0.211208813,2,123,2,2,1,6,-2.8,-18.1,0,-5,0,-11.4,-0.3,-2.8,-5.6,0,0,-9,-2.3,-17.3,-14.3,-7,-0.3,-13.4,-18.1,-1.8,-5
b4025,0.25763916,4,550,2,1,3,4,-3.7,-14.4,0,-9.7,-3.5,-10.7,-3.5,-3.5,-10.7,0,-1.3,-10.7,-3.5,-14.4,-12.7,-10.7,-3.5,-11.8,-14.4,-3.5,-7.9
b4006,0.327267499,3,530,2,2,5,2,-6.9,-23,-0.1,-8.6,-4,-15.7,-5.4,-6.9,-8.6,-0.1,-0.1,-13.2,-6.9,-21.5,-21.5,-10.6,-4,-21.5,-21.8,-6.3,-7.2
b3985,0.104298093,5,166,2,2,4,1,-15.3,-33,-8.9,-15.9,-8.9,-22.6,-12.5,-15.3,-18.7,-8.9,-8.9,-22.6,-15,-27.8,-25.3,-20.2,-9.6,-24,-31,-13.3,-15.3
b3983,0.244478603,2,143,3,0,3,2,-11.2,-30.3,-2.8,-11.2,-7.3,-24.8,-7.3,-7.3,-14.6,-2.8,-4.6,-21.1,-7.3,-29.4,-25.6,-20.3,-7.3,-24.8,-29.9,-7.3,-11.2
b3981,0.098071147,3,128,1,1,4,5,-8.7,-30.7,0,-14.3,-2.5,-18.3,-3,-6.5,-14.3,-1,-1.1,-18.3,-5.8,-23.5,-23.5,-16.4,-2.5,-18.8,-28.5,-3,-8.7
b3961,0.178296284,5,306,3,0,2,4,-16.8,-39.6,-10.4,-18.6,-10.4,-25.9,-12,-16.5,-19.9,-10.4,-10.4,-25.8,-16.5,-37.2,-31.4,-24.9,-10.4,-30.1,-38.4,-14.4,-17.8
b3942,0.13924123,3,727,2,2,5,2,-6.3,-29.3,0,-9.7,-1.3,-16.4,-3.1,-6.3,-13.1,0,0,-16.1,-4.7,-22.8,-20.7,-15.6,-1.3,-19.2,-29,-4.7,-7.5
b3936,0.415063237,4,71,1,4,2,4,-9.4,-21.5,-2.9,-9.4,-7.3,-16.4,-9.1,-9.4,-9.4,-7,-7,-11.9,-9.1,-21.5,-21.5,-9.9,-8.2,-21.5,-21.5,-9.1,-9.4
b3932,0.191232273,4,177,0,3,4,2,-14.1,-31.8,-3.4,-16.5,-4.9,-22.8,-8.5,-10.3,-19.1,-3.4,-3.4,-22.3,-10,-29.2,-29.1,-21,-8.5,-24.2,-31.4,-10,-15.8
b3929,0.096248387,1,162,1,2,4,4,-3.6,-24.8,-0.1,-6.3,-1.3,-14.2,-1.3,-3.6,-8.4,-0.4,-1.3,-13,-1.3,-17.4,-16.6,-10,-1.3,-16.6,-19.8,-1.3,-3.7
b3924,0.203327025,2,249,4,2,6,1,-6.3,-23.7,0,-9.3,-1.8,-17.2,-4.9,-6.1,-10.8,0,0,-15.8,-6.1,-20.1,-17.3,-13.2,-4.6,-17.2,-20.1,-6.1,-6.3
b3922,0.236777911,2,100,1,4,3,2,-9.4,-25.8,-4.7,-9.4,-4.7,-17.7,-8.6,-9.2,-9.4,-4.7,-4.7,-13.8,-9.2,-18.2,-18.2,-13.5,-8.6,-18.2,-23.6,-8.6,-9.4
b3919,0.376301574,2,256,4,0,3,0,-10.2,-23.4,0,-10.2,-5.6,-15.9,-5.6,-5.7,-10.8,0,-3.2,-15.9,-5.6,-21.2,-18.1,-12.1,-5.6,-17.1,-22.8,-5.6,-10.2
b3918,0.125591886,2,252,4,0,5,4,-8.1,-29.4,-1.8,-16.4,-1.8,-21.2,-2.4,-7.8,-18.4,-1.8,-1.8,-20.2,-7.8,-27.5,-25.5,-18.4,-1.8,-25.5,-27.5,-7,-16.4
b3916,0.254651849,2,321,2,2,4,0,-4.9,-29.4,-0.9,-7.9,-2,-16.8,-3.3,-4.2,-10,-0.9,-1,-15.9,-3.3,-26.9,-26.9,-15.3,-3.3,-26.9,-27.2,-3.3,-7.9
b3908,0.469664494,2,207,3,1,6,2,-8.2,-20.3,0,-11.2,-3.3,-13.1,-5,-7.7,-11.5,-3.3,-3.3,-13.1,-5,-19,-17.4,-13.1,-4.8,-13.8,-20.3,-5,-8.2
b3870,0.361128467,2,470,3,0,5,3,-4,-16.5,0,-7,-1.5,-12.7,-3,-3,-7.8,0,-0.5,-11,-3,-16.4,-15.5,-10.3,-1.7,-14.4,-16.4,-3,-6.7
b3866,0.437649944,4,170,2,3,3,1,-0.4,-16.1,0,-0.8,0,-6.7,0,-0.4,-1.4,0,0,-3.9,-0.4,-10.3,-8.4,-2.1,0,-6.7,-13.9,0,-0.4
b3860,0.276292902,3,209,2,1,2,5,-6.1,-21.7,0,-9,-0.4,-17.4,-0.7,-3.4,-11.2,0,-0.4,-14.3,-2.2,-21.5,-21.5,-11.2,-0.4,-19.1,-21.5,-0.7,-8.7
b3859,0.044930737,1,329,1,2,3,3,-8.3,-36.8,0,-11.9,-4.6,-20.2,-6.1,-7.1,-14.4,-2.5,-4,-14.4,-6.1,-32.5,-29.6,-14.4,-6.1,-20.2,-36.8,-6.1,-10.9
b3858,0.427878184,3,90,2,3,2,3,-7.8,-28.5,0,-12.2,-0.3,-15.7,-0.6,-7.8,-12.2,0,0,-15.7,-1.5,-19.2,-18,-14.5,-0.6,-17.6,-21.7,-1.5,-7.8
b3847,0.279414273,5,444,5,0,5,2,-5.3,-18.9,0,-5.3,-2.6,-13.4,-2.9,-5.3,-5.6,0,0,-11.7,-3.5,-17.6,-15.7,-7.7,-2.9,-15.7,-18.9,-2.9,-5.3
b3844,0.162606392,2,234,1,3,4,0,-7.7,-20.8,0,-9.7,-0.7,-13.2,-4,-7.2,-10.4,0,0,-11.3,-7.2,-19.8,-19.2,-10.4,-2.5,-13.6,-20.4,-7.2,-7.7
b3836,0.391208524,4,90,2,1,4,2,-8.8,-26,0,-12.5,-2.7,-19.2,-7.1,-8.8,-16.5,0,-2.7,-16.5,-8.8,-24,-19.8,-16.5,-2.7,-19.2,-25.2,-8.8,-12.5
b3831,0.580046161,3,254,2,0,2,3,-8.3,-22.5,0,-11.8,-6.8,-13.1,-6.8,-7.4,-11.8,0,-1.3,-13.1,-6.8,-18.8,-18.4,-12.7,-6.8,-16.6,-20.2,-6.8,-11
b3816,0.091271799,4,317,1,4,2,1,-14.5,-25.5,0,-14.5,-4.5,-21.7,-7.7,-10.9,-14.5,0,-2.8,-19.3,-10.9,-23,-23,-17.9,-7.6,-23,-23.6,-8.5,-14.5
b3813,0.112252681,2,721,2,4,3,1,-10.5,-27.7,-1.9,-11.6,-7.2,-18.5,-10.5,-10.5,-11.6,-1.9,-1.9,-16.8,-10.5,-25.9,-25.7,-15.1,-10.5,-22.2,-25.9,-10.5,-11.6
b3781,0.405337654,2,110,3,0,3,5,-7.1,-22.9,0,-7.3,-4.8,-11.4,-5.3,-7.1,-10.3,0,-3.6,-11.3,-7.1,-18.9,-14.1,-11.3,-5.3,-12.5,-18.9,-7.1,-7.1
b3766,0.03028305,3,33,4,1,4,0,-3.4,-33.8,-0.3,-9.7,-3.3,-13.9,-3.3,-3.3,-9.7,-0.3,-2.9,-12.8,-3.3,-25.2,-19.7,-10.5,-3.3,-16.6,-29.7,-3.3,-8.8
b3744,0.213990412,5,331,5,0,3,2,-3.8,-18.4,-0.9,-5.2,-0.9,-10.8,-0.9,-3.8,-5.2,-0.9,-0.9,-7.3,-3.8,-13.6,-12.4,-7.3,-0.9,-12.4,-18.4,-3.8,-4.3
b3742,0.17826493,3,148,1,1,6,4,-12,-30.6,0,-15.7,-2.8,-19.5,-5.1,-9.1,-15.7,0,-1.7,-19.5,-9.1,-27.5,-26.4,-17,-4.4,-23.3,-27.5,-5.1,-15.7
b3730,0.097920943,3,457,1,3,5,2,-10.2,-26.2,0,-16.4,-4.3,-20.2,-4.3,-10,-19.3,0,-1.9,-20.2,-10,-23.4,-22.8,-19.9,-4.3,-20.2,-23.4,-7.5,-14.8
b3725,0.146626464,2,258,2,1,3,2,-7.3,-22.3,-0.9,-8.2,-4.8,-15.9,-4.8,-7.3,-9.6,-4.8,-4.8,-11.9,-7.3,-20.2,-18.6,-11.8,-4.8,-15.9,-22.1,-4.8,-8.2
b3724,0.098324332,1,242,1,2,3,2,-10,-29.3,0,-10,-6.8,-19.6,-6.8,-10,-10.3,-4.9,-6.3,-15.3,-10,-23,-20.7,-11,-6.8,-20.7,-23,-7.8,-10
b3701,0.103676841,1,367,2,4,4,1,-4,-24.3,0,-4,0,-17.9,0,-2.2,-6.6,0,0,-13,-2.2,-21.6,-19.3,-12.6,0,-19.3,-21.6,-0.5,-4
b3687,0.096348794,1,138,2,1,8,2,-6.9,-14.7,0,-6.9,-4.8,-13.4,-5.6,-6.9,-7.7,-0.4,-4.2,-9.4,-5.9,-13.4,-13.4,-8.1,-5.6,-13.4,-13.5,-5.6,-6.9
b3686,0.048789977,5,143,2,1,6,3,-9.1,-27.1,-2.3,-12.4,-5.1,-15.7,-9.1,-9.1,-13.1,-2.3,-2.3,-15.7,-9.1,-23.8,-20.5,-15.4,-6.4,-17.9,-27.1,-9.1,-9.1
b3672,0.063849833,3,33,2,5,6,1,-3.6,-35.4,0,-3.6,-1.5,-14.5,-2.1,-3.1,-4.7,0,-1.1,-6.3,-2.1,-22.4,-19.7,-4.7,-1.5,-15.8,-28.3,-2.1,-3.6
b3665,0.17709493,2,589,4,0,3,4,-2.6,-12.2,-0.2,-3.3,-2.6,-6,-2.6,-2.6,-3.3,-0.2,-0.9,-6,-2.6,-9.5,-8.3,-3.3,-2.6,-7.9,-9.5,-2.6,-3
b3649,0.733985442,1,92,3,1,3,3,-10.3,-25.1,-2,-10.3,-2,-15.2,-4.8,-8.4,-10.3,-2,-2,-12.5,-5.3,-21.7,-19,-10.8,-4.6,-16.7,-22.4,-4.8,-10.3
b3648,0.15756683,3,208,2,3,4,2,-4.7,-22.8,-1.9,-8.6,-1.9,-15.1,-1.9,-4.7,-8.6,-1.9,-1.9,-12.7,-3.4,-22.8,-18.2,-9,-1.9,-17.6,-22.8,-3.4,-4.7
b3644,0.193057957,4,288,1,3,4,3,-10.6,-29.2,0,-10.6,-2,-20.4,-2.8,-5.1,-15.4,-1.1,-2,-20.4,-5.1,-28.2,-20.9,-16.2,-2.8,-20.9,-29.2,-5.1,-10.6
b3640,0.230709985,2,153,2,3,4,3,-4.5,-26,0,-8.2,-1.4,-13.1,-3.1,-3.5,-8.2,-0.2,-1.2,-11.6,-3.1,-22.9,-21.4,-11.6,-2,-16.6,-22.9,-3.1,-5.8
b3637,0.273076145,2,79,3,1,4,2,-7.4,-28.8,-1.4,-12.7,-4.1,-22.8,-4.1,-7.3,-15.7,-1.4,-4.1,-19,-6.9,-25.2,-25.2,-19,-4.1,-22.8,-28.1,-4.3,-12.2
b3635,0.087981574,2,270,1,3,4,3,-8,-29.2,0,-9.6,-1.4,-18,-1.4,-3.9,-15,-0.6,-1.3,-17.6,-3.9,-24.6,-20.9,-15.8,-1.4,-20.3,-27.7,-2.8,-8
b3619,0.270410695,1,311,2,1,4,2,-10.4,-27.2,-2.2,-13.7,-2.5,-20.7,-4.3,-7.4,-16.6,-2.2,-2.2,-16.6,-7.4,-22,-21.8,-16.6,-3.7,-21.8,-23.6,-7.4,-11.5
b3617,0.152470667,2,399,2,2,3,2,-8.7,-24.1,-1.2,-10.3,-4.3,-20.9,-5.2,-8.7,-14,-1.4,-4.3,-18.3,-8.7,-21.2,-20.9,-17.5,-4.3,-20.9,-21.2,-5.2,-10.3
b3609,0.390314368,2,156,3,3,2,5,-5.4,-15.4,0,-5.4,-2.4,-8.8,-2.4,-4,-7.5,-0.5,-2.4,-8.8,-3.9,-9.6,-9,-8.8,-2.4,-8.8,-11.4,-3.9,-5.4
b3554,0.218466549,3,237,4,0,4,1,-16.1,-32.9,0,-16.5,-5.2,-24.1,-8.4,-14.6,-19.1,-1.9,-3,-23.7,-12.5,-25.9,-25.2,-20.3,-5.2,-25.2,-32,-12.5,-16.1
b3527,0.136617395,4,499,2,3,4,3,-6.5,-30,0,-8.4,-3.9,-14.8,-3.9,-5.8,-8.4,0,0,-11.5,-5.8,-25.7,-23.6,-11.3,-3.9,-20.5,-28.5,-5.8,-6.9
b3500,0.187667265,4,451,1,3,2,3,-10.1,-31.2,-2.5,-15.3,-2.5,-23.4,-7.7,-7.7,-16.9,-2.5,-2.5,-20.7,-7.7,-28.4,-23.4,-19.1,-7,-23.4,-29.7,-7.7,-10.3
b3499,0.323888459,2,281,2,6,5,2,-4.9,-16.9,0,-10.1,-2.6,-12.6,-3.7,-4.9,-11,-2.6,-2.6,-12.6,-4.9,-15.2,-14.4,-12.6,-3.7,-12.6,-15.4,-3.7,-10.1
b3495,0.314929076,3,145,2,2,3,0,-8.7,-20.9,-0.7,-8.9,-3.4,-11.9,-6.6,-8.7,-8.9,-0.7,-2.3,-11.9,-8.7,-18.2,-18.2,-11.9,-3.4,-14.3,-18.4,-8.7,-8.7
b3461,0.154357268,2,285,2,0,4,2,-5.1,-30.3,0,-8.2,-0.9,-17,-2.1,-2.7,-10.6,0,-0.9,-11.7,-2.1,-25.5,-23.3,-11.7,-2.1,-18.9,-26.7,-2.1,-5.1
b3438,0.156147862,0,332,2,4,4,4,-7.2,-30.4,0,-8.9,-5,-14,-7.2,-7.2,-10.2,-4.5,-5,-13.2,-7.2,-27,-15.8,-10.3,-6.4,-14,-29.1,-7.2,-8.8
b3432,0.02231155,1,729,3,2,3,1,-8.2,-21.3,0,-8.8,-0.5,-13.1,-2,-6.5,-10.5,-0.5,-0.5,-11.7,-6.3,-18.6,-15.1,-11.4,-0.5,-13.6,-20.1,-6.3,-8.8
b3429,0.03811518,4,478,3,2,3,4,-8.1,-25.4,0,-10.9,-3.9,-17.5,-4.3,-6.3,-12.1,-3.2,-3.9,-15,-5.1,-22,-20.4,-13.3,-3.9,-18.9,-22.7,-4.3,-8.1
b3425,0.201338069,2,109,2,2,3,2,-6,-24.7,0,-7.4,-0.5,-13.1,-1,-6,-9.4,-0.4,-0.5,-9.4,-2.4,-20.4,-20.4,-9.4,-0.5,-19.2,-24.7,-1.5,-6.1
b3414,0.354481664,1,192,2,3,3,2,-7.2,-26.1,-1.4,-7.6,-3.4,-19.6,-3.7,-6.5,-12.9,-1.4,-1.4,-16.9,-4.8,-21.1,-21.1,-15.3,-3.4,-21.1,-22.7,-4.8,-7.6
b3403,0.273783905,3,541,3,1,5,1,-9.9,-22.3,0,-11.7,-3.5,-15.3,-6.2,-6.4,-11.7,-0.2,-3.5,-15.3,-6.2,-21,-17.2,-14.1,-6.2,-15.3,-22.3,-6.2,-11.7
b3390,0.182319063,1,174,5,2,4,0,-3.8,-29.4,0,-6.6,-2.5,-14.3,-2.5,-3.3,-8.3,0,0,-13.4,-2.5,-25,-21,-10.4,-2.5,-14.8,-25,-2.5,-6.3
b3384,0.208932506,1,335,5,1,3,2,-10.6,-29.4,-0.6,-13.9,-2.7,-18.6,-2.7,-10.6,-15.5,-2,-2,-16.8,-10.6,-21.9,-21.9,-16.8,-2.7,-20.8,-25.4,-2.7,-12
b3368,0.101840058,4,458,1,1,4,3,-9.1,-34.5,-1.9,-10.6,-2.8,-18.3,-9.1,-9.1,-11.9,-1.9,-2.1,-14.1,-9.1,-30.8,-24.8,-12.1,-7.6,-24.8,-31.7,-9.1,-9.1
b3360,0.096765308,2,188,1,6,3,4,-6.8,-25.1,-3,-7.6,-3,-16.2,-3.3,-3.3,-7.6,-3,-3,-12.7,-3.3,-23.5,-21.2,-7.6,-3,-17.5,-25.1,-3.3,-7.6
b3356,0.370801011,4,135,5,1,4,3,-11.7,-25.9,-0.3,-11.7,-8.5,-21.9,-10.1,-10.5,-14,-4.2,-7.7,-19.1,-10.1,-23.8,-22.6,-16,-8.5,-22.2,-23.8,-10.1,-11.7
b3347,0.377311563,1,271,2,1,7,0,-11.4,-26.2,-1.5,-14.5,-8.9,-19.5,-10.6,-11.4,-14.5,-8.9,-8.9,-17.9,-10.6,-25,-24.8,-15.1,-10.1,-24.8,-25,-10.6,-11.7
b3342,0.23837055,2,125,2,1,2,3,-9.8,-34.2,-0.5,-12.7,-2.7,-19.5,-4.7,-7.4,-13.8,-2.3,-2.3,-15.2,-6,-27.6,-24.4,-15,-2.7,-22.1,-31.9,-6,-11.6
b3340,0.085210562,2,705,4,2,4,3,-5.1,-20.8,0,-5.1,-0.5,-18.9,-1.6,-5.1,-5.1,0,0,-16.3,-5.1,-20.4,-19.7,-10.8,-0.6,-18.9,-20.8,-5.1,-5.1
b3321,0.120054822,1,104,1,4,3,4,-8.7,-25.5,0,-8.7,-1.2,-15.2,-2.8,-8.7,-11.1,0,-1.2,-13.4,-6,-22.5,-20.6,-13.4,-2.5,-17.4,-25.5,-4.1,-8.7
b3310,0.116209065,2,124,4,3,3,1,-10.9,-30.1,0,-14.8,-1.4,-22.3,-4,-9.7,-15.3,-1.4,-1.4,-20.4,-9.7,-27.8,-27.3,-15.5,-4,-25.4,-27.8,-9.7,-12
b3298,0.149364934,1,119,2,1,3,4,-12.3,-24.8,0,-12.3,-1.9,-14.8,-4.7,-12.3,-13.8,-0.5,-0.5,-14.4,-10.7,-24.6,-24.6,-14.1,-2.9,-23.1,-24.8,-4.7,-12.3
b3251,0.200905197,2,348,2,3,4,3,-10.7,-22.5,-0.2,-11.2,-1.5,-19.8,-2.9,-10.3,-11.5,-0.2,-1.5,-14.1,-7.8,-22.5,-22.5,-14,-2.9,-21.3,-22.5,-7.8,-10.7
b3237,0.207997057,2,157,2,2,5,2,-12.4,-16.5,-1,-13,-4.9,-15.2,-6.4,-10.5,-13.9,-1,-1,-15.2,-8,-15.2,-15.2,-13.9,-6.1,-15.2,-16.5,-7.5,-13
b3236,0.194204602,1,313,2,0,5,3,-6.6,-24.1,0,-10.8,-0.3,-21.6,-2.6,-3.6,-13.3,0,0,-19.5,-2.6,-22.3,-22.3,-15.5,-1,-22.3,-23,-2.6,-9.6
b3231,0.243061717,2,143,2,1,7,2,-7.9,-23.8,0,-12.2,-2.4,-16.1,-4.5,-6.9,-12.5,-1.6,-2.4,-16.1,-6.9,-21.7,-21.7,-13,-2.5,-17.8,-23.5,-6.9,-9.4
b3201,0.130596661,0,242,1,1,4,2,-10.4,-30,-3.6,-14.5,-3.6,-22,-5.8,-10.4,-17.7,-3.6,-3.6,-22,-10.4,-26.8,-24.9,-18.4,-3.6,-24.5,-28,-7.2,-13.6
b3200,0.177597314,2,186,1,3,4,2,-5.6,-27.9,-0.3,-10.3,-3.1,-15.8,-3.1,-5.6,-14.6,-0.3,-1.4,-15.8,-5.6,-22.5,-21.9,-15.6,-3.1,-20.8,-25.4,-4.1,-10.3
b3198,0.275664579,4,189,4,2,4,4,-9.2,-25.1,-3.1,-14.8,-3.1,-22.3,-3.1,-8.8,-15.9,-3.1,-3.1,-21.5,-6.6,-25.1,-23.3,-17,-3.1,-22.3,-25.1,-3.1,-13.4
b3190,0.350755697,1,85,1,3,2,1,-6.3,-23.4,-0.8,-13.3,-1.1,-16.2,-2,-5.3,-13.3,-0.8,-1.1,-16.2,-5.3,-20.6,-19.6,-16.2,-2,-17.6,-21.4,-2.6,-11.3
b3188,0.087162664,2,93,5,0,5,1,-5.3,-25.2,0,-12.7,-1.5,-19.6,-2.2,-5.2,-14.5,0,0,-17.1,-2.2,-23.3,-21.6,-16.5,-2.2,-21.1,-23.4,-2.2,-10.1
b3186,0.283658411,3,104,2,1,4,5,-14.2,-28.6,0,-14.2,-3.9,-17.4,-6.6,-11.1,-17.4,0,-2.7,-17.4,-10.3,-26.2,-25.4,-17.4,-3.9,-21.3,-28.2,-8.7,-14.2
b3180,0.2516267,3,98,2,2,2,1,-2.8,-21.8,0,-8.9,-0.9,-11,-1.1,-2.8,-8.9,0,0,-9.6,-2.8,-18.1,-14.3,-9.4,-0.9,-12.1,-18.1,-2.8,-2.8
b3172,0.246788939,4,448,1,0,4,7,-5.6,-24,0,-7.5,-3.3,-12.6,-3.5,-5.6,-7.5,0,-2.7,-10.5,-5.6,-22.2,-16.4,-10.1,-3.3,-14.1,-22.2,-5.2,-5.6
b3170,0.1580167,2,151,0,1,8,4,-17.8,-33.8,-7.4,-17.8,-7.4,-25.5,-10.3,-17.8,-17.8,-7.4,-7.4,-19,-15.9,-29.3,-26.7,-18.5,-9.7,-26.7,-31.7,-15.6,-17.8
b3165,0.544412477,2,90,4,0,3,2,-6.5,-21,0,-8.5,-2.8,-12.6,-5,-6.1,-8.5,0,0,-10.8,-6.1,-20,-17.5,-8.5,-2.8,-17.2,-20,-6.1,-8.5
b3164,0.215291962,2,712,2,1,3,2,-8.4,-26.7,-2.7,-10.9,-3.7,-16.8,-7,-7.7,-13.4,-2.7,-2.7,-13.4,-7,-24.5,-24.5,-13.4,-4.1,-20.3,-25.9,-7,-8.4
b3150,0.274022122,3,192,3,1,3,2,-7.8,-25.6,0,-9.3,-2,-15.6,-3.5,-7.8,-11.6,-1.4,-1.4,-13.2,-3.6,-19.5,-19.3,-12.7,-3.5,-17.9,-23.8,-3.5,-7.8
b3131,0.086631471,3,270,2,2,3,4,-8.5,-26.4,0,-15.7,-3.1,-21.8,-4.1,-7.9,-15.7,-3.1,-3.1,-19,-7.3,-22.1,-21.8,-16.6,-3.1,-21.8,-24.6,-4.8,-12.5
b3094,0.161823533,2,259,2,4,4,2,-5.8,-18.4,0,-7.1,-0.2,-11.3,-5.4,-5.8,-7.1,0,0,-11.3,-5.8,-13.9,-12,-8.5,-3.3,-11.3,-18.4,-5.4,-7.1
b3067,0.203052222,3,614,1,3,4,4,-6.3,-25.9,0,-7.6,-3.2,-14.4,-5,-6.3,-8.7,0,-3.2,-12,-5,-21.2,-17.5,-9.6,-3.2,-15.3,-21.8,-5,-7.6
b3022,0.044679956,2,99,1,1,3,1,-6,-24.4,-0.3,-11.1,-2.7,-13.8,-5.9,-5.9,-11.8,-0.3,-0.3,-13.8,-5.9,-22.7,-21.9,-13.4,-5.9,-14,-23.1,-5.9,-9.4
b3006,0.230796917,2,245,2,2,2,4,-11.3,-32.7,-1.2,-20.5,-6,-25.5,-7.6,-9,-20.5,-1.6,-2.8,-25.5,-8.1,-28.9,-27.9,-20.7,-7.6,-27.1,-31.5,-7.6,-20.5
b3005,0.129422803,4,142,1,2,4,1,-6.8,-24,-0.4,-7.6,-6.5,-12.9,-6.5,-6.7,-9.4,-1.9,-5.9,-12.7,-6.7,-18.9,-18.9,-9.6,-6.5,-14.5,-23.2,-6.5,-7.4
b2962,0.289737047,5,92,2,0,2,4,-10.1,-30.7,-5.9,-11.5,-5.9,-19.2,-7.7,-8.1,-11.5,-5.9,-5.9,-18.1,-7.8,-24.8,-24.8,-15.5,-7.1,-19.7,-29.5,-7.7,-10.4
b2958,0.161337594,4,240,2,1,5,2,-13.1,-33.5,-1.4,-18,-2.4,-25.5,-5.7,-12.5,-19.2,-1.4,-1.4,-20.9,-11.3,-32.9,-29.8,-19.2,-4.2,-28.6,-32.9,-10.8,-14.4
b2954,0.190170751,2,198,1,2,2,5,-12.5,-34.5,-5.4,-15,-5.4,-27.7,-9.3,-9.5,-16.5,-5.4,-5.4,-21.1,-9.5,-34.4,-27.7,-20,-6.4,-27.7,-34.4,-9.3,-13.3
b2937,0.295308372,2,307,2,4,3,2,-9.1,-17.3,0,-11,-5.1,-14.3,-5.3,-9.1,-11,-0.5,-0.5,-12.9,-9.1,-15.7,-14.9,-11.5,-5.3,-14.3,-16.5,-9,-9.5
b2926,0.26430739,4,388,2,3,3,2,-9.4,-24.6,0,-9.4,-4.2,-16.7,-5.9,-7.8,-10.1,-4.2,-4.2,-15,-6.2,-21.8,-21.3,-10.8,-4.2,-18.3,-24.6,-5.9,-9.4
b2916,0.309288914,0,298,3,4,2,0,-6.5,-22.6,0,-9.2,-1.3,-14.1,-3.5,-3.5,-10.8,-0.9,-1.3,-10.8,-3.5,-20.4,-17.2,-10.8,-3.5,-17.2,-22.6,-3.5,-9.2
b2913,0.281258942,1,411,3,0,5,3,-4.2,-18.8,0,-4.2,-3.3,-10.5,-3.3,-4.2,-4.5,0,0,-9.3,-3.3,-14,-13.4,-7.5,-3.3,-12.8,-15.3,-3.3,-4.2
b2897,0.337624957,3,89,3,1,5,0,-9.8,-27.8,0,-11.4,-3.6,-21,-4,-6.6,-14.6,-3.4,-3.6,-21,-4,-22.6,-21.1,-19.1,-4,-21,-27.8,-4,-11.1
b2783,0.103582688,2,83,1,0,6,2,-13.6,-26.6,0,-16.9,-3.1,-24.2,-6.5,-10.7,-20,-3.1,-3.1,-23.7,-9,-25.1,-24.2,-21.6,-4.5,-24.2,-25.8,-6.5,-14.7
b2780,0.189990548,1,546,2,4,3,3,-6,-24.2,0,-9.6,-3.1,-17.5,-4.2,-5.4,-12.1,0,0,-17.5,-5.4,-22.5,-22.5,-12.1,-3.4,-19.6,-22.5,-5.4,-6
b2779,0.268380809,2,433,2,2,3,1,-6.5,-21,0,-9.9,-4.3,-17.4,-4.3,-6.5,-13,0,-1.5,-14.1,-4.5,-19,-17.4,-13,-4.3,-17.4,-19.6,-4.3,-7.7
b2741,0.085330917,2,331,1,4,3,2,-8.7,-23.6,-2.1,-12.7,-2.3,-20,-7.2,-8.7,-14,-2.1,-2.1,-20,-8.3,-23.6,-20.5,-14,-4.9,-20,-23.6,-7.8,-11
b2733,0.188058387,3,854,1,5,2,3,-3.8,-18.4,0,-5.6,-3,-9.7,-3.8,-3.8,-6.5,-3,-3,-8.9,-3.8,-15.9,-15.4,-8.9,-3.8,-15.2,-16.5,-3.8,-4.9
b2699,0.396153799,3,354,5,1,3,1,-7.3,-30.8,0,-9.4,-5.8,-15.9,-5.8,-7.3,-14,-5.1,-5.8,-15.9,-7.3,-25.7,-16.5,-14,-5.8,-15.9,-26.5,-6.1,-8.8
b2697,0.12993634,1,877,3,1,2,5,-12.5,-31,-4.1,-17.1,-6.7,-19.1,-6.7,-11.8,-18.4,-4.9,-4.9,-18.8,-10.4,-25.9,-23.3,-18.8,-6.7,-20.6,-25.9,-7.6,-14.3
b2687,0.299639852,5,172,3,1,6,2,-6.9,-25,0,-7.4,-1.6,-17,-3.8,-6.3,-11.4,0,0,-15.1,-5.3,-21.6,-21.6,-11.4,-1.7,-19.1,-21.6,-5.3,-7.4
b2666,0.677936399,3,53,3,1,3,3,-7.6,-23.4,0,-7.6,-1.9,-16.7,-3.4,-5.3,-8.1,0,-1.6,-13.6,-5,-19.7,-17.8,-8.7,-2.7,-17.8,-20.2,-3.4,-7.6
b2617,0.244259434,0,114,2,3,0,3,-9,-32.2,-5,-17.6,-6.4,-20.7,-6.4,-9,-20.2,-5,-6.4,-20.7,-6.4,-22.6,-22.3,-20.2,-6.4,-22.3,-29.2,-6.4,-14.7
b2614,0.277864051,2,198,2,2,4,2,-3.5,-13.9,0,-7.9,-2.4,-12.7,-3.2,-3.5,-7.9,0,-2.4,-11.5,-3.5,-13.7,-13.7,-11.2,-3.2,-13.4,-13.7,-3.5,-4.3
b2610,0.189924812,2,454,3,2,5,0,-9.2,-34.6,-3.7,-17.3,-4.2,-26.1,-4.6,-6.3,-18.8,-4.2,-4.2,-20.7,-6.3,-34.6,-34.6,-20.7,-4.6,-30,-34.6,-6.3,-13.8
b2609,0.366165987,3,83,1,1,4,1,-8.7,-30,-0.3,-11.7,-3.7,-21.7,-8.4,-8.7,-13.2,-0.3,-0.3,-20.1,-8.4,-22.7,-21.7,-18.3,-7.4,-21.7,-30,-8.4,-9.7
b2598,0.04291998,1,16,4,2,2,0,-3.2,-3.2,0,-3.2,0,-3.2,-2,-3.2,-3.2,0,0,-3.2,-3.2,-3.2,-3.2,-3.2,-0.5,-3.2,-3.2,-2,-3.2
b2597,0.475061564,3,114,2,0,3,4,-7.8,-22.5,-0.7,-7.8,-3.6,-13.7,-3.6,-7.8,-7.8,-2.2,-3.6,-10.1,-3.6,-20.4,-15.4,-10.1,-3.6,-13.8,-22.5,-3.6,-7.8
b2569,0.1623072,2,600,1,2,0,6,-10.6,-17.5,-6,-10.6,-6,-13.7,-10.6,-10.6,-10.6,-6,-6,-13.7,-10.6,-16.7,-14.9,-11.7,-6,-13.7,-16.7,-10.6,-10.6
b2553,0.303866528,2,113,2,2,5,4,-3.4,-21.7,-0.1,-4.8,-3,-12.7,-3,-3.4,-5.1,-0.2,-1.5,-11.2,-3.4,-17.4,-16.5,-9.6,-3,-14.2,-20.4,-3.4,-3.4
b2551,0.329516334,1,418,1,2,4,2,-5.3,-18.4,0,-8.9,-1.1,-18.1,-3.5,-5.3,-11.1,-0.3,-1.1,-14.4,-4,-18.1,-18.1,-11.1,-3.5,-18.1,-18.1,-3.5,-8.9
b2531,0.225495036,1,163,3,1,3,3,-13.5,-35,-7.6,-17.7,-7.6,-25.4,-8.1,-11.6,-17.7,-7.6,-7.6,-19.6,-11.1,-29.1,-28.9,-17.7,-8.1,-28.3,-32.8,-11.1,-16.1
b2508,0.442841825,1,489,1,3,2,5,-12.2,-19.1,0,-15,-9.7,-18,-10.5,-11,-15.8,-1.9,-1.9,-18,-11,-18,-18,-16.1,-10.5,-18,-18,-10.5,-15
b2499,0.313372915,2,346,2,4,3,4,-9.8,-29.5,0,-10,-6.3,-14.5,-7.1,-9.8,-12.7,-1.6,-4.8,-13.4,-8.5,-25.3,-21.5,-13.4,-6.3,-20.8,-27.2,-8.5,-10
b2480,0.398545631,3,157,3,0,4,3,-7.6,-22.3,0,-12.5,-2.5,-15.8,-2.5,-5.1,-12.5,0,-0.8,-14,-5.1,-20.8,-18.7,-13.4,-2.5,-17.4,-22.3,-3.6,-7.6
b2477,0.09078919,2,345,1,0,2,3,-12.4,-30.2,-3.9,-16.1,-3.9,-24,-5,-9.7,-16.5,-3.9,-3.9,-22.4,-7.8,-25.3,-24.4,-19,-4.2,-24.4,-30.2,-7.5,-13.8
b2476,0.477125989,5,238,4,0,6,2,-6.4,-25.1,0,-11.4,-3,-15.6,-4,-6.4,-11.4,0,0,-12.6,-5.6,-19,-18.1,-12.6,-3,-15.7,-23.3,-4,-11.4
b2432,0.085271709,3,192,2,1,4,1,-8.4,-25.3,-0.7,-12.7,-2.6,-19.4,-4.3,-8.4,-14.9,-0.7,-2.6,-18.6,-6.5,-22.5,-20.1,-18.2,-4.3,-20.1,-24.9,-4.6,-10.7
b2415,0.464938424,3,86,3,1,4,2,-6.3,-20.5,-0.5,-6.3,-6.3,-11.5,-6.3,-6.3,-10.2,-0.5,-1.5,-11.5,-6.3,-20.5,-14.2,-10.4,-6.3,-14.1,-20.5,-6.3,-6.3
b2414,0.395539929,3,324,1,3,4,1,-5.8,-22.2,0,-9.5,-3.8,-16.4,-5.8,-5.8,-10.5,-0.1,-1.6,-12.6,-5.8,-20.9,-20.9,-11,-5.8,-20.3,-21.3,-5.8,-8.3
b2400,0.292547145,3,472,1,3,4,1,-11.1,-29.5,-7.1,-11.1,-7.1,-19.8,-7.1,-7.1,-15,-7.1,-7.1,-15.7,-7.1,-27.8,-27.4,-15.7,-7.1,-26.7,-28.4,-7.1,-11.1
b2379,0.251652935,2,413,3,1,3,5,-17,-25.5,-6.2,-19.2,-7.4,-24.2,-9.5,-12,-19.2,-6.2,-6.2,-24.2,-9.5,-24.2,-24.2,-19.5,-7.4,-24.2,-24.2,-9.5,-18.6
b2346,0.11160293,2,252,2,1,5,0,-9.7,-31.9,-3.3,-12.2,-3.3,-19.5,-3.3,-9.3,-12.2,-3.3,-3.3,-16.1,-7.4,-27.3,-27.3,-14.5,-3.3,-21.1,-28.7,-3.3,-12
b2344,0.318085985,1,447,1,1,4,0,-7.8,-17.9,-0.3,-8.2,-0.9,-14.3,-3,-3.6,-8.2,-0.3,-0.9,-12.3,-3.6,-15.7,-14.9,-9.1,-0.9,-14.3,-16.1,-3.4,-8.2
b2323,0.196425687,2,407,2,1,4,1,-6.1,-28.9,0,-9.4,-3.3,-15.8,-3.3,-6.1,-10.3,0,-2.6,-15.8,-6.1,-23.8,-18.1,-13.2,-3.3,-17.8,-26,-3.7,-8.4
b2316,0.144704746,4,305,2,3,3,2,-11.2,-27.7,-4.2,-11.2,-5,-15.6,-5.8,-11.2,-11.2,-4.2,-4.2,-11.9,-11.2,-22.1,-15.6,-11.2,-5.8,-15.6,-26.5,-8.8,-11.2
b2309,0.299077014,3,261,2,1,4,4,-3.8,-21.3,0,-6,-0.2,-11.4,-2.4,-3.3,-7.2,0,0,-9.7,-3.3,-18.8,-16.7,-8.6,-2.4,-15.5,-18.8,-2.4,-4
b2289,0.088831791,1,313,3,0,2,1,-6.8,-18.9,0,-7.6,-1.5,-11.7,-1.6,-2.6,-11.6,0,0,-11.7,-1.7,-13.9,-13.2,-11.7,-1.5,-12.1,-16.6,-1.6,-6.8
b2288,0.121481565,2,148,3,1,2,2,-12.6,-22.4,-1.5,-14.2,-5.2,-19.6,-6.8,-7.3,-15,-3.3,-5.2,-17.9,-7,-22.4,-20.3,-17.9,-6.8,-20.3,-22.4,-6.8,-12.6
b2249,0.237709155,1,401,3,3,1,3,-7.9,-26.1,0,-10,-1.4,-19.6,-3.4,-6.7,-10.9,-0.5,-1.4,-16.6,-6.7,-23.7,-23.7,-14.2,-1.4,-21,-26.1,-6.7,-10
b2234,0.152639035,3,762,3,3,3,2,-6.4,-21.6,-1.6,-8.4,-2.8,-12.5,-2.8,-5.6,-10.3,-2.8,-2.8,-12.5,-3.7,-13.1,-13.1,-10.3,-2.8,-12.5,-18.7,-2.8,-6.4
b2231,0.108756397,2,876,2,1,5,3,-5.5,-22.6,0,-11.3,-2.8,-12.9,-3.3,-5.5,-11.3,-0.3,-2.8,-11.3,-5.5,-20.7,-18.7,-11.3,-2.8,-18.2,-20.7,-4.9,-9.7
b2217,0.30606008,3,217,2,3,2,4,-7.9,-18.3,0,-9,-5.3,-14.1,-5.3,-7.8,-9,-3.9,-5.3,-10.1,-5.8,-15.7,-15.7,-9.2,-5.3,-15,-18.3,-5.8,-9
b2185,0.489377383,4,95,4,0,3,3,-4.8,-23.6,-3.4,-6.4,-3.4,-13.8,-3.4,-3.4,-6.9,-3.4,-3.4,-9.7,-3.4,-19.1,-17.4,-6.9,-3.4,-14.3,-19.5,-3.4,-5
b2171,0.353349522,1,191,1,1,3,4,-6.8,-17.4,0,-6.8,-2.8,-11,-5.1,-6.3,-6.8,0,-0.5,-7.2,-5.3,-15.8,-14.3,-7,-3.4,-12.5,-15.8,-5.2,-6.8
b2114,0.220467305,3,678,2,3,2,4,-3,-20.5,0,-8.3,-0.6,-14.1,-0.9,-3,-9.2,0,-0.6,-14.1,-2.4,-18,-16.8,-11.1,-0.9,-16.8,-20,-0.9,-4.7
b2029,0.262770318,2,469,2,1,2,4,-12.5,-30.4,-0.6,-14,-5.9,-21.3,-6.3,-7.9,-15.9,-5.1,-5.1,-21.3,-7.9,-26.8,-24.9,-17,-6,-24.9,-28,-7.9,-12.5
b2018,0.018412657,2,17,1,2,4,2,-3.6,-3.6,-0.9,-3.6,-1.4,-3.6,-1.4,-3.6,-3.6,-1.4,-1.4,-3.6,-3.6,-3.6,-3.6,-3.6,-1.4,-3.6,-3.6,-3.6,-3.6
b1915,0.428790397,5,75,4,1,3,1,-5.9,-18.6,-1,-6.6,-2.2,-12.2,-4,-5.9,-9.4,-2.2,-2.2,-12.2,-4,-13.7,-13.7,-9.4,-4,-12.2,-16.8,-4,-6.4
b1905,0.659298172,2,166,2,3,4,4,-6.1,-17.4,0,-6.1,-2.3,-9.3,-5.9,-6.1,-6.1,-1,-2.3,-8.6,-5.9,-14.4,-14.4,-8.2,-2.6,-9.8,-16.6,-5.9,-6.1
b1876,0.210356821,3,578,0,2,0,3,-10.8,-31.6,-5.8,-12.1,-5.8,-16.2,-8.5,-10.8,-12.1,-5.8,-5.8,-13.9,-9.3,-28.9,-24.1,-12.3,-6.5,-20.8,-29.7,-9.2,-10.8
b1863,0.020308078,3,174,1,3,4,3,-11.7,-40.4,0,-14.2,-3.2,-32.6,-6.1,-10.3,-19.8,-2.8,-2.8,-27,-9.7,-39,-37.1,-25.4,-4.8,-37.1,-40.4,-8.7,-14.2
b1857,0.470383522,2,311,2,2,2,4,-3.2,-18.2,0,-4,-1.3,-11.2,-3.2,-3.2,-4.4,0,0,-6.4,-3.2,-15.3,-15.3,-6.4,-1.9,-15.3,-15.6,-3.2,-4
b1852,0.250083258,1,492,2,1,1,4,-11,-35.6,-1.2,-13.5,-4.6,-22.7,-4.6,-8.7,-18.2,-1.2,-3.4,-22.7,-8.7,-34.4,-29,-20.6,-4.6,-26,-35.6,-7.2,-13.5
b1850,0.336346515,2,214,1,2,3,4,-7.1,-23.8,-0.9,-8.5,-5,-15.5,-5,-6.7,-12.8,-0.9,-2.8,-15.5,-6.7,-21,-21,-13.6,-5,-21,-21.3,-6,-8.2
b1848,0.49347423,2,97,3,2,5,1,-14,-20.9,0,-15.5,-5.9,-17.6,-6.1,-14,-16.6,-1.4,-5.9,-17,-14,-20.6,-20,-16.6,-6.1,-19,-20.6,-8.6,-14
b1826,0.103740584,2,48,1,1,6,2,-7.3,-38.2,0,-12.1,0,-19.8,-3.2,-6.6,-15.4,0,0,-18.1,-5.8,-27.9,-24.7,-15.4,-1.5,-19.8,-32.2,-4.5,-7.3
b1814,0.162817953,2,455,1,1,4,4,-11.5,-30.8,-5.6,-15.6,-7,-22.5,-9,-11.5,-15.6,-7,-7,-22.5,-10.4,-25.8,-25.6,-20.1,-7,-22.6,-29.1,-10.4,-14.2
b1804,0.191252778,4,376,2,1,5,0,-9.5,-32.9,-4.8,-10.1,-9.2,-19.8,-9.2,-9.5,-13,-9.2,-9.2,-18.9,-9.5,-29.3,-28.3,-14.8,-9.2,-25.3,-29.7,-9.2,-10.1
b1782,0.400700071,3,249,2,0,3,5,-9.3,-22.4,-0.8,-11.3,-4.1,-20,-5.3,-7.2,-11.8,-4.1,-4.1,-17.1,-5.3,-22,-21.8,-12,-5,-20.6,-22,-5.3,-11
b1779,0.400511739,1,332,3,1,4,4,-7,-23.6,0,-12.9,-4.1,-17.3,-4.6,-5.8,-12.9,0,0,-17.3,-4.6,-19.4,-19.4,-15.9,-4.6,-18.7,-20.7,-4.6,-8.3
b1765,0.34123935,5,184,3,1,3,3,-8.1,-32.1,0,-15.2,-1.2,-23.8,-5.5,-6.4,-16.3,0,0,-16.3,-6.4,-24.1,-24.1,-16.3,-5.5,-23.8,-25.8,-6.4,-8.1
b1764,0.196199366,2,348,1,3,4,2,-14.5,-33.8,-3,-21.1,-4.7,-24.9,-9.3,-9.7,-21.6,-3,-3,-24.9,-9.7,-30.1,-27.3,-24.9,-8.2,-27.3,-30.6,-9.7,-16.8
b1739,0.63401056,5,113,3,1,5,3,-9.3,-22.6,0,-9.9,0,-17.8,0,-4.3,-11.2,0,0,-14.8,-3.5,-19.3,-18.8,-13.7,0,-18.8,-19.3,0,-9.9
b1731,0.216174074,2,81,3,2,2,3,-7.3,-16.2,0,-9.1,-4.1,-10.5,-5.9,-5.9,-9.1,0,0,-9.1,-5.9,-14.3,-12.3,-9.1,-4.1,-11.8,-15.7,-5.9,-8.7
b1727,0.273580629,5,223,2,0,1,4,-7.1,-19.8,0,-9.8,-2.8,-14.4,-4.4,-7.1,-9.8,0,-1,-13.5,-7.1,-14.7,-14.4,-13.5,-4.1,-14.4,-17.2,-7.1,-9.8
b1726,0.148393829,3,179,2,3,3,6,-10.7,-22.8,0,-12.9,-1.1,-17.6,-6.4,-10.7,-13.7,-0.2,-0.7,-17.6,-8.4,-18.9,-18.9,-17.6,-4.7,-18.9,-21.2,-6.4,-10.8
b1719,0.144457552,4,643,4,0,2,3,-8.3,-24.4,-2,-12.5,-7.4,-17,-7.4,-7.8,-14.7,-6.1,-6.1,-17,-7.8,-23,-22.4,-17,-7.4,-17.7,-23,-7.8,-11.6
b1717,0.301151098,3,66,4,0,3,1,-4.4,-22.3,0,-9.1,-3.2,-13.7,-3.2,-4.4,-11.6,-3,-3.2,-13,-4.4,-20.6,-17,-13,-3.2,-15.2,-21.3,-4.4,-8.5
b1716,0.28307336,2,119,3,2,5,3,-15.6,-34.5,0,-16.6,-6.7,-18.8,-9.9,-15.6,-16.6,-5.2,-5.2,-18.8,-15.6,-28.5,-27.3,-18.1,-6.7,-24.4,-31.3,-14.3,-15.7
b1715,0.047278272,2,15,3,3,2,2,-9.9,-9.9,-1.1,-9.9,-4.1,-9.9,-8.6,-9.9,-9.9,-3,-3.9,-9.9,-8.6,-9.9,-9.9,-9.9,-4.2,-9.9,-9.9,-8.6,-9.9
b1702,0.096214858,2,793,1,1,3,1,-4.6,-25.9,0,-7.3,-0.4,-12.6,-3,-4.6,-8.6,0,0,-10.3,-4.4,-17.2,-16.5,-9.6,-2.1,-16,-25.6,-3.1,-6.9
b1677,0.295646866,2,79,4,0,4,0,-6.5,-26.2,0,-9.5,-3.4,-16.6,-3.4,-5.6,-10.4,-1.3,-2.6,-13.9,-5.6,-24.9,-18.7,-13.2,-3.4,-17,-26.2,-5.6,-6.9
b1676,0.5662507,0,471,1,3,4,1,-2.2,-16.7,0,-3.8,-0.2,-8.3,-2.2,-2.2,-3.9,0,0,-6.2,-2.2,-13,-12.7,-6.2,-2.2,-12.7,-16.7,-2.2,-2.5
b1664,0.211412008,2,419,3,1,2,2,-6.2,-21.4,-0.3,-6.2,-1.6,-14.5,-1.6,-6.2,-6.9,-1.6,-1.6,-11.2,-6.2,-19.6,-16.5,-10.9,-1.6,-14.5,-21,-2.9,-6.2
b1658,0.196197106,2,342,2,0,3,3,-8.2,-21.5,-0.7,-8.2,-4.8,-16.7,-5.3,-5.3,-10.2,-0.8,-3.7,-15.5,-5.3,-18.7,-17.9,-14,-5.3,-17.9,-18.7,-5.3,-8.2
b1656,0.507330033,3,194,3,1,3,5,-4.2,-25.5,-1.3,-7,-1.3,-10.5,-2.8,-3.8,-7,-1.3,-1.3,-10.5,-3.8,-17.6,-17.6,-8.3,-1.3,-11.5,-17.6,-3.8,-7
b1654,0.643751632,5,116,3,2,4,0,-5.7,-13.9,-0.5,-6.3,-5.1,-10.6,-5.1,-5.7,-9.3,-0.5,-5.1,-10.6,-5.7,-12.6,-10.7,-10.6,-5.1,-10.6,-13.9,-5.7,-5.7
b1619,0.109760563,2,256,1,1,2,1,-8.8,-26.5,0,-11.1,-4.9,-17.6,-5.2,-8.6,-11.1,0,-2.1,-17.6,-5.2,-26.1,-22.9,-17.6,-5.2,-19,-26.1,-5.2,-11.1
b1603,0.122499507,4,511,2,1,4,2,-9,-24.2,-0.5,-10.8,-4.8,-15.3,-4.8,-9,-12.2,-0.5,-4.8,-15.3,-8.9,-19.3,-19.3,-13.8,-4.8,-19.3,-19.3,-4.9,-10.5
b1550,0.647445869,3,58,3,0,4,1,-3.3,-7.4,-1,-3.3,-3.3,-7.4,-3.3,-3.3,-4.4,-1.2,-3.3,-7.4,-3.3,-7.4,-7.4,-5.9,-3.3,-7.4,-7.4,-3.3,-3.3
b1540,0.17386838,0,229,3,2,3,0,-1.5,-15.3,0,-3.3,-1.3,-6.2,-1.5,-1.5,-4.5,0,0,-5,-1.5,-9.7,-9.3,-4.5,-1.3,-9.3,-11.9,-1.5,-1.5
b1539,0.363664169,1,249,2,1,5,1,-9.5,-22.9,0,-10,-0.5,-18.4,-3.9,-8.6,-11.2,-0.5,-0.5,-14.7,-8.6,-18.4,-18.4,-14.4,-2.1,-18.4,-22.1,-3.9,-9.9
b1452,0.369111585,3,354,1,2,5,2,-5,-21.1,0,-6.9,0,-11.7,-4,-4,-9.8,0,0,-11.7,-4,-16.4,-15.2,-11.7,-2.2,-11.7,-21.1,-4,-5
b1380,0.209369868,4,330,1,1,4,3,-11.3,-22.6,0,-11.3,-4.4,-15.3,-4.4,-7.1,-11.3,-1.7,-3.4,-15.3,-7.1,-19.2,-18.4,-14,-4.4,-16.9,-19.6,-5.2,-11.3
b1379,0.19326099,2,141,3,3,2,2,-6.5,-24.6,-0.3,-9.6,-3,-19,-3,-4.7,-12.1,-3,-3,-16.9,-3,-22.5,-19.6,-15.4,-3,-19.4,-23.3,-3,-8.8
b1333,0.135543294,3,317,1,3,4,2,-10.7,-30.3,-3.6,-12.1,-4.8,-19.2,-7.1,-8.8,-15.1,-3.7,-3.7,-17.9,-8.8,-26.3,-25.5,-15.6,-5.6,-24.3,-30.3,-8.8,-12.1
b1304,0.885302521,3,223,2,2,3,2,-9.7,-23.5,-5.1,-9.7,-5.1,-14.6,-5.1,-8.2,-12.2,-5.1,-5.1,-12.2,-6,-20.5,-15.9,-12.2,-5.1,-14.6,-23.2,-6,-9.7
b1283,0.676186087,5,73,2,0,2,4,-11.1,-18.8,-0.8,-11.5,-6.1,-15.2,-8.3,-11.1,-11.8,-0.8,-4.7,-15.1,-8.7,-18.8,-15.4,-15.1,-8.3,-15.4,-18.8,-8.3,-11.1
b1279,0.117381405,3,103,2,1,5,2,-6.3,-25.2,0,-11.1,-0.9,-16.2,-5.8,-6.3,-15.9,0,0,-15.9,-6.3,-23.3,-23.3,-15.9,-1.5,-21.7,-25.2,-6.3,-8.8
b1275,0.316071077,4,325,3,1,4,4,-7.5,-19.5,0,-9.3,-3.9,-14.2,-4.2,-5.2,-10.2,-3.9,-3.9,-14.2,-4.4,-18,-15.8,-11.4,-3.9,-15.8,-18.8,-4.2,-8.5
b1274,0.144871896,3,866,3,0,5,3,-7.7,-23.5,0,-10.3,-1.2,-16.3,-3.9,-5.9,-10.3,-0.1,-0.9,-14.1,-5.3,-22,-19.2,-14.1,-3.9,-16.3,-23.1,-4.3,-9.3
b1251,0.415231058,5,99,0,3,3,4,-8.6,-19.9,-1.7,-10.4,-4.4,-16.5,-4.4,-7.4,-12.4,-1.9,-4.4,-15.8,-5.2,-19.4,-19.4,-13.5,-4.4,-19.4,-19.7,-4.7,-10.4
b1209,0.31977151,2,208,2,4,1,5,-2.6,-15.8,0,-3.5,-0.4,-12.4,-1.1,-1.9,-3.5,0,0,-10.1,-1.9,-13.8,-13.8,-9.5,-0.4,-13.5,-14.1,-1.9,-2.6
b1204,0.144633339,4,195,3,2,3,0,-10.9,-28.1,0,-15.6,-1.3,-19.5,-1.7,-10.9,-15.6,-1.3,-1.3,-19.5,-9.8,-24.7,-22.1,-19.1,-1.7,-21.2,-28.1,-3.6,-11.7
b1203,0.337759751,1,364,3,1,2,5,-5.2,-23.4,0,-10.4,-0.6,-17.2,-3.2,-3.2,-10.4,0,0,-12.6,-3.2,-18.3,-18.3,-11.6,-2.1,-18.3,-21,-3.2,-7
b1179,0.480914099,3,109,1,1,5,2,-15.6,-27.6,-3.6,-15.6,-5.3,-15.6,-8.6,-15.6,-15.6,-5.3,-5.3,-15.6,-12.2,-22.3,-22.3,-15.6,-8.6,-19.8,-27.6,-9.9,-15.6
b1101,0.08179069,3,478,3,4,4,3,-5.8,-25.6,0,-10.1,-2.8,-17.9,-2.8,-5.4,-11.6,0,-2.8,-16.1,-4.1,-20.8,-20.1,-14.2,-2.8,-17.9,-21.6,-2.8,-8.5
b1094,0.467854917,1,79,2,0,2,4,-11.8,-20.8,-5.2,-11.8,-5.3,-20.6,-6.3,-11.8,-13.6,-5.2,-5.2,-16.9,-10.6,-20.8,-20.8,-14.3,-6.3,-20.6,-20.8,-6.3,-11.8
b1089,0.596245261,5,58,1,2,4,1,-8.6,-27.7,-1.2,-11,-4.8,-20.2,-7.5,-7.5,-11.1,-1.2,-4.8,-13.5,-7.5,-25.7,-25.7,-12.8,-6.2,-22.4,-25.8,-7.5,-8.6
b1088,0.019864612,2,174,1,5,4,3,-6.4,-18.4,-0.6,-6.4,-1.9,-11.7,-3.2,-5.6,-6.7,-0.6,-1.9,-11.3,-3.7,-14.4,-12.4,-8.3,-1.9,-12.3,-18.4,-3.7,-6.4
b1062,0.317675259,3,349,3,1,3,3,-5.8,-18.8,0,-9.2,-3,-12.4,-3,-5.8,-10.4,-3,-3,-12.4,-5.8,-17,-15.3,-11.6,-3,-14,-18.8,-5.8,-6.7
b1061,0.196710354,3,82,2,2,5,3,-8.5,-39.4,0,-12.4,-2.6,-34.7,-7.7,-8.1,-12.7,0,-1.1,-25.7,-8.1,-35.1,-35.1,-18.1,-4.8,-34.7,-35.1,-8.1,-11.7
b1059,0.225041503,3,373,5,0,3,0,-6.4,-33.5,0,-18.6,0,-27.9,-3.9,-4.7,-19.1,0,0,-19.1,-4.7,-30.1,-29.6,-19.1,-2.5,-29.6,-31.2,-4.1,-11.3
b1054,0.187875411,2,307,2,1,3,3,-4.3,-23.8,0,-5.9,-1.4,-9.3,-2.2,-3.4,-5.9,-1.4,-1.4,-7.4,-3.4,-22.7,-18.6,-7.3,-2,-15.3,-23.8,-2.2,-5.6
b1015,0.124578806,2,503,2,1,4,1,-14,-23.2,0,-16.5,-2,-19.1,-6,-14,-16.5,0,-1,-17.3,-13.3,-23.2,-23.2,-16.5,-2,-22.3,-23.2,-8.6,-14
b0970,0.139729173,3,220,2,2,4,2,-10.7,-26,-1,-10.7,-4.4,-23.1,-5.5,-8.5,-11,-4.1,-4.4,-20.3,-5.5,-23.1,-23.1,-11.6,-5.5,-23.1,-26,-5.5,-10.7
b0957,0.256994106,2,347,5,2,2,2,-6.8,-29.2,0,-13.6,-6.2,-17.1,-6.2,-6.2,-16,-2,-2,-17.1,-6.2,-27.2,-24.4,-17.1,-6.2,-21,-27.7,-6.2,-7.2
b0954,0.299605112,0,173,3,3,5,3,-3,-19.8,0,-5.4,0,-12.8,-1.9,-1.9,-7.4,0,0,-12.8,-1.9,-19.4,-15.6,-12.8,-1.9,-15.1,-19.4,-1.9,-3.3
b0950,0.044369071,3,418,3,2,3,0,-7.5,-38,0,-8.7,-0.8,-26.1,-1.1,-7.5,-13.3,0,-0.1,-25.3,-7.5,-32.8,-32.8,-19.4,-1.1,-28.1,-33.6,-7.5,-8.7
b0930,0.237697707,3,467,2,0,5,2,-9.8,-31.7,0,-12.6,-1.2,-17.4,-4.1,-4.3,-12.6,0,0,-17.4,-4.3,-23.4,-19.5,-14.9,-4.1,-17.4,-28.9,-4.2,-12.6
b0917,0.226826134,3,61,3,2,5,2,-9.6,-20.7,0,-13.3,-3.1,-15.8,-9.5,-9.5,-14.7,-1.4,-3.1,-15.3,-9.5,-18.6,-18.6,-15.3,-9.5,-18.6,-19.8,-9.5,-10.9
b0912,0.219794012,3,95,3,3,3,2,-8.4,-21.3,-1,-9.3,-3.8,-11.8,-4.3,-7.7,-9.3,-1,-1.8,-11.7,-5.9,-21.3,-17.1,-11.5,-4.3,-12.1,-21.3,-4.3,-8.4
b0910,0.070745232,1,228,4,0,4,3,-10,-29.1,-0.2,-13.9,-2.8,-16.4,-3.3,-8.2,-13.9,-1.9,-2.8,-16.4,-7.5,-25.5,-22.3,-16.4,-2.8,-22.2,-28,-4.1,-11.6
b0893,0.250343626,1,431,3,3,5,3,-7.9,-25.9,0,-9.4,0,-15.1,-1.4,-7.1,-11.8,0,0,-15.1,-5.3,-22.4,-22.2,-14.3,-1.4,-18.4,-23.4,-2.7,-8.3
b0891,0.202665105,2,204,4,0,6,3,-13,-33.4,-7.5,-16.7,-9.8,-20.9,-9.8,-12.5,-18.1,-9.8,-9.8,-19.1,-9.8,-26.3,-23.8,-18.1,-9.8,-20.9,-28,-9.8,-13.7
b0888,0.214663526,2,322,1,2,4,1,-8.1,-32.3,-0.1,-12,-3.3,-23.8,-7.3,-8.1,-16,-3,-3.3,-21.9,-7.3,-30.9,-26.4,-19.4,-6.5,-24.2,-32.3,-7.3,-10
b0884,0.256326739,2,73,2,2,4,4,-5.6,-15.6,-1,-5.6,-4,-13.8,-5.6,-5.6,-10.1,-4,-4,-11.4,-5.6,-15.6,-15.6,-10.1,-4.9,-14.8,-15.6,-5.6,-5.6
b0882,0.083172284,3,759,1,2,4,4,-13.3,-35.6,-8.1,-18.2,-8.1,-27.4,-13.3,-13.3,-20,-8.1,-8.1,-25.9,-13.3,-32.5,-32.5,-20.7,-10.9,-29,-34.5,-13.3,-18.2
b0880,0.072941192,5,75,3,2,4,1,-8.4,-25.3,-2.3,-12,-6.9,-17.1,-6.9,-7.3,-12.8,-2.6,-2.6,-15,-6.9,-23.2,-19.6,-12.8,-6.9,-18.7,-25.3,-6.9,-11.2
b0870,0.239018132,4,334,1,3,5,1,-4.5,-33.6,-0.6,-6.5,-2,-15.4,-2.6,-3.7,-6.5,-2,-2,-10.5,-3.7,-31.5,-26.9,-8.4,-2.1,-15.9,-31.5,-3.7,-5.9
b0866,0.531830118,3,108,2,2,3,3,-8,-24.2,-2.6,-9.9,-2.6,-19.9,-8,-8,-13.8,-2.6,-2.6,-16,-8,-23,-20.4,-13.8,-8,-20.1,-23,-8,-9.8
b0864,0.144716121,2,243,2,2,3,2,-7.6,-28.3,-0.1,-8.6,-1.3,-19.9,-2.2,-7.6,-10.1,-0.1,-0.1,-18.2,-2.9,-23.7,-20.8,-10.1,-1.3,-20.4,-23.7,-2.9,-8.6
b0849,0.243844387,2,86,4,0,2,2,-8.6,-18.7,0,-8.6,0,-11.3,-1.7,-6.7,-8.6,0,0,-10.8,-5.6,-18.7,-13.2,-10,0,-12.6,-18.7,-3.6,-8.6
b0838,0.210887785,4,209,2,0,6,2,-12.8,-20.2,-6,-13.7,-8.8,-15.4,-9.2,-11.4,-14.8,-6,-6.8,-14.8,-10.8,-19.7,-19.6,-14.8,-9.1,-19.6,-20.2,-10.1,-13.7
b0820,0.258047746,1,531,0,4,4,2,-16.4,-32.7,-4.7,-18.4,-4.7,-25.6,-9.6,-11.9,-18.4,-4.7,-4.7,-18.4,-11.9,-27.1,-27,-18.4,-6.3,-25.6,-32.7,-10.8,-16.4
b0814,0.985750838,2,172,1,0,5,6,-5.7,-25.6,0,-8.9,-2.9,-14.7,-4.5,-4.9,-10.4,0,0,-13.4,-4.5,-18.9,-17.3,-13.4,-4.1,-14.9,-25.6,-4.5,-6.5
b0812,0.418876774,4,168,3,0,3,4,-2.8,-13.9,0,-3,0,-9.7,0,-1.8,-3.3,0,0,-6.6,-1.5,-13.5,-12.4,-5,0,-9.7,-13.9,-1,-2.9
b0786,0.188107794,1,235,1,3,4,2,-8.1,-24.7,-2,-9.1,-3.9,-12.5,-7.4,-8.1,-9.7,-2,-2,-9.7,-8.1,-17.9,-16.5,-9.7,-6,-14,-20.4,-7.5,-8.5
b0772,0.157599312,1,428,1,5,2,2,-7.4,-26.2,-0.5,-13.4,-1.5,-18.6,-4.5,-4.9,-13.4,-0.5,-0.5,-16.3,-4.9,-24.7,-22.9,-13.9,-1.5,-19.3,-25.5,-4.9,-8.3
b0762,0.225510981,1,50,2,3,4,4,-7,-23.8,-0.9,-10.7,-3.9,-15.6,-4.8,-7,-12.2,-1.6,-1.9,-14.4,-5.4,-21.2,-18.7,-14.1,-4.8,-18,-23.8,-4.8,-9
b0759,0.379154829,2,339,3,1,5,5,-12.8,-25.6,-2.1,-14.1,-2.1,-21.1,-6,-11.3,-14.5,-2.1,-2.1,-17,-11,-24.6,-24.4,-16,-3.9,-21.1,-24.6,-9.4,-14
b0757,0.08846758,4,383,4,0,4,3,-6.5,-23.3,0,-7.4,-4.4,-13.9,-5,-6.5,-7.5,-4.4,-4.4,-13.9,-6.5,-17.5,-17.5,-10.1,-4.4,-15.8,-19.5,-6,-6.7
b0754,0.339499189,2,351,3,3,5,2,-4.6,-14.2,0,-4.6,-2.6,-6.8,-2.6,-2.6,-4.6,-1.8,-2.6,-4.6,-2.6,-12.7,-8.8,-4.6,-2.6,-7.1,-12.7,-2.6,-4.6
b0750,0.164737982,4,348,3,1,5,4,-10.8,-19.6,0,-12.4,-1.6,-15.6,-3,-8,-12.4,-1.6,-1.6,-15.6,-6.8,-17.1,-16.8,-12.8,-1.6,-16.8,-18.5,-4.3,-12.4
b0726,0.075839597,3,934,2,2,4,2,-11.8,-29.5,-1.1,-12.5,-5.7,-18.5,-5.9,-9.8,-13,-1.1,-5.7,-17.7,-9.5,-26.6,-25.3,-15.7,-5.9,-19,-26.6,-5.9,-11.8
b0720,0.162526445,3,428,3,2,3,2,-11.7,-34.6,-0.8,-12.9,-7.9,-21.1,-8.8,-11.7,-16.2,-4.7,-7.1,-21,-10,-25.2,-25.2,-16.2,-8.8,-22.2,-30.3,-10,-11.7
b0683,0.206097499,2,149,1,4,3,2,-4.5,-15.5,-2.1,-4.8,-2.1,-11.4,-3.7,-4.5,-8,-2.1,-2.1,-8.1,-4.5,-11.8,-11.8,-8,-3.7,-11.8,-14.5,-4.5,-4.5
b0680,0.231364959,2,555,2,3,4,1,-9.7,-26,-1.1,-9.9,-2.7,-14.4,-2.7,-9,-10.2,-1.1,-1.1,-13.7,-7.1,-24,-21.1,-13.7,-2.7,-16.2,-25.7,-5.4,-9.9
b0677,0.090092535,3,383,3,2,6,2,-10.4,-29.6,-2.9,-13.2,-2.9,-21.5,-3.1,-8.5,-19.7,-2.9,-2.9,-19.8,-5.5,-26.2,-25.1,-19.8,-2.9,-22.7,-28.8,-5.5,-10.4
b0675,0.226423791,2,251,1,3,4,4,-8.5,-26.6,-0.3,-13,-2.2,-19.9,-2.8,-5.5,-14.2,-0.3,-2,-18.2,-5.5,-23.6,-23.6,-17.8,-2.2,-20.3,-26.6,-2.8,-8.5
b0660,0.203247248,3,347,2,2,5,1,-13.5,-24.3,0,-14.7,-5.7,-18.4,-5.7,-12.8,-14.7,0,0,-18.4,-10.9,-19.8,-19.1,-14.7,-5.7,-19.1,-22.8,-9,-14.7
b0655,0.265148664,2,303,2,0,6,2,-8.7,-26.1,-4.9,-12.1,-6.6,-19.6,-7.9,-8.7,-15.6,-5.4,-6.6,-17.1,-8.4,-24.1,-22,-16.2,-7.9,-20.5,-25.7,-8.4,-9.8
b0637,0.388806098,2,106,3,2,5,1,-9.9,-22.9,0,-10.2,-2.3,-17.7,-4.5,-9.9,-13.6,0,-1.1,-15.8,-6,-21.2,-21.2,-15,-2.7,-21.1,-21.9,-6,-9.9
b0631,0.353586633,3,88,2,4,5,1,-6.4,-18.9,-0.8,-8.2,-4.1,-10.3,-4.1,-6.2,-9.3,-1,-2.3,-10.3,-4.3,-17.5,-14.4,-10.3,-4.1,-10.3,-18.1,-4.1,-7.6
b0628,0.262765265,0,322,1,5,2,1,-8.4,-26.8,0,-14.4,-3.6,-20.4,-3.6,-8,-14.4,0,-1.9,-20.4,-3.6,-25.4,-23.2,-19.7,-3.6,-23.2,-26.8,-3.6,-14.4
b0607,0.253738925,4,143,1,0,2,1,-8,-21.6,-1.7,-8,-1.9,-12.4,-3.6,-8,-8.8,-1.7,-1.7,-11.9,-7.3,-15.3,-14.8,-9.9,-3.6,-13,-17.8,-3.6,-8
b0606,0.230029916,1,522,4,2,4,3,-5.8,-23.4,-1.6,-7.9,-5.2,-16.1,-5.2,-5.8,-9.1,-1.6,-4.9,-15.3,-5.8,-22,-18.1,-14.7,-5.2,-17.5,-23.4,-5.8,-5.8
b0605,0.493513496,2,188,3,0,3,4,-3.7,-14.5,0,-4.8,-1.3,-8.9,-3.4,-3.7,-4.8,0,0,-8.9,-3.7,-9.6,-8.9,-4.8,-3.4,-8.9,-11.3,-3.7,-4.1
b0578,0.419929997,3,218,1,2,3,5,-8.4,-18.6,0,-10.1,-0.4,-14.9,-4,-6.5,-10.2,-0.1,-0.4,-14.9,-4,-15.8,-14.9,-14.9,-2.6,-14.9,-18,-4,-9
b0565,0.370486058,3,318,1,1,3,5,-7.7,-18.2,-3.6,-9,-3.6,-13.3,-3.6,-4.8,-10.1,-3.6,-3.6,-13.3,-4.8,-14.2,-14.2,-10.4,-3.6,-14.2,-15.7,-4,-7.7
b0526,0.234998467,2,462,1,3,5,6,-0.9,-24.7,0,-3.4,-0.4,-7.8,-0.4,-0.4,-3.4,0,0,-6.6,-0.4,-15.3,-10.5,-6.4,-0.4,-10.4,-15.8,-0.4,-0.9
b0523,0.160990661,2,170,2,2,4,2,-15.1,-30.4,-1.2,-16.6,-3.7,-18.7,-4.3,-8.8,-16.6,-1.5,-1.9,-18.7,-7.1,-29.2,-25.7,-18.6,-3.7,-22.4,-30.4,-7.1,-15.1
b0478,0.074719297,4,559,2,1,3,4,-7.9,-29.9,-1.4,-9,-1.7,-20.7,-1.7,-5.9,-17.9,-1.4,-1.7,-18.3,-2.9,-22.9,-22.3,-17.9,-1.7,-20.7,-28.7,-1.7,-8.9
b0474,0.696000429,2,215,2,2,5,0,-9.1,-23.9,0,-16.3,-2.3,-18.9,-4.7,-9.1,-16.3,0,-0.1,-18.1,-7.1,-20.8,-20.8,-18,-2.3,-18.9,-21.9,-4.7,-15.9
b0473,0.186902829,1,625,2,3,3,1,-10.2,-28.2,-0.5,-12.2,-5.1,-19.6,-6.7,-10.2,-12.2,-0.5,-2.9,-17.5,-7.8,-27.1,-25.5,-13.5,-5.3,-22.4,-27.1,-7.5,-10.2
b0471,0.411015006,3,110,2,2,4,3,-9.8,-21.4,0,-12.1,-3.6,-18,-3.8,-7.4,-12.7,-3.6,-3.6,-16.4,-6.2,-19.1,-18.6,-16,-3.6,-18,-21.4,-6.2,-9.8
b0469,0.351187197,1,184,2,3,5,1,-11.4,-18.8,-2,-13.1,-6.1,-14.4,-6.1,-8.1,-14,-2.5,-2.5,-14,-8.1,-15.2,-15.2,-14,-6.1,-15.2,-17.6,-8.1,-11.4
b0461,0.013672672,4,125,1,2,5,3,-14,-24.5,-0.4,-14.7,-7.8,-17.3,-10.3,-14,-14.7,-1.6,-1.9,-14.7,-12.3,-23.1,-19.8,-14.7,-10.1,-18.5,-24.5,-12.3,-14.7
b0441,0.131572813,2,624,2,3,3,4,-11.4,-26.3,-0.4,-15.5,-3.6,-19.3,-6.1,-10.4,-18.2,-0.8,-2.1,-19.3,-8.1,-22.3,-21.7,-19.3,-5.6,-20.4,-24.1,-6.1,-12
b0439,0.108246377,4,785,1,2,2,2,-12.1,-32.6,-1.1,-12.5,-2.7,-19.1,-5.5,-12.1,-15.5,-2.7,-2.7,-15.6,-7.5,-27.1,-25.3,-15.5,-5.5,-22.1,-29,-5.5,-12.1
b0438,0.126457443,1,425,2,3,6,1,-3.9,-26.8,-2.4,-5.9,-3,-18.5,-3.7,-3.7,-7.8,-2.4,-2.4,-11.2,-3.7,-24.4,-21.4,-9.9,-3.5,-19.6,-26.8,-3.7,-5.5
b0437,0.286197531,1,208,3,2,5,2,-5.6,-26.2,0,-9.8,0,-20.1,-3,-5.1,-10.6,0,0,-14.8,-5.1,-20.1,-20.1,-10.7,-1.6,-20.1,-26.2,-5.1,-6.4
b0435,0.257406461,2,106,1,1,5,0,-9.6,-18,-4.1,-9.6,-5.5,-14.7,-6.4,-9.6,-9.6,-4.1,-4.6,-13.5,-9.6,-17.7,-16.9,-13.4,-6.1,-16,-17.7,-8.4,-9.6
b0434,0.399580621,2,193,3,4,5,4,-5.5,-17.4,0,-6.8,-3.9,-14,-3.9,-5.5,-7.6,0,0,-10.8,-5.5,-14.6,-14.6,-8.5,-3.9,-14.6,-14.9,-5.5,-5.5
b0427,0.031347446,3,455,2,1,3,5,-9.9,-29.8,0,-15.1,-1.6,-20.1,-2.5,-7.8,-15.1,-1.6,-1.6,-17.8,-3.8,-24.5,-23.3,-15.9,-1.6,-20.9,-26.6,-3.8,-13.7
b0426,0.406690937,4,164,4,0,6,0,-11.8,-29.6,0,-13.9,-1,-20.2,-6.2,-9.5,-14.2,0,0,-15.1,-7.9,-28,-28,-15.1,-5.7,-25.6,-28.6,-7.5,-13.9
b0422,0.225400528,0,81,2,3,1,4,-7,-26.2,0,-11.2,-2.5,-18.2,-2.5,-7,-14,0,-1.1,-18.2,-5.5,-23.1,-19,-18.2,-2.5,-18.2,-23.1,-2.5,-7.6
b0415,0.230541388,3,157,4,1,6,3,-10.7,-22.4,-9.5,-13.3,-10.7,-16.9,-10.7,-10.7,-13.3,-9.5,-9.8,-16.9,-10.7,-22.4,-20.2,-15.3,-10.7,-17.8,-22.4,-10.7,-12.8
b0413,0.10241656,3,150,1,4,4,0,-10.1,-33.6,-1.6,-12.7,-3.2,-24.3,-4.8,-10.1,-12.7,-2.9,-2.9,-21.3,-10.1,-27.5,-25.6,-14.3,-3.7,-25.4,-31.1,-4.8,-10.1
b0411,0.337302905,3,295,3,2,3,1,-13.1,-28.8,-6,-16.9,-6.3,-20.8,-6.8,-9.2,-18.7,-6,-6,-20.8,-9.2,-23.7,-22.9,-20.8,-6.8,-22.9,-25.1,-9.2,-16.9
b0407,0.245269289,3,111,2,0,3,6,-5.6,-25.2,0,-9.4,-2.6,-16.1,-2.6,-5.6,-9.7,-1.3,-1.3,-16.1,-3.3,-24.2,-23.2,-12.4,-2.6,-20.6,-24.2,-2.6,-7.8
b0406,0.163855239,3,376,5,0,3,1,-9.2,-28.9,-1.2,-10.3,-7,-22.3,-7,-7,-11.7,-2.2,-7,-21.3,-7,-27.1,-24.4,-15.6,-7,-22.3,-28.8,-7,-10.3
b0336,0.117230663,4,420,0,1,6,2,-6.5,-28.3,0,-7.6,-2.5,-17.2,-2.5,-4.3,-12.9,0,-2.5,-13.5,-4.3,-22.8,-22.8,-12.9,-2.5,-17.3,-25.6,-2.5,-6.5
b0239,0.225215489,2,415,2,4,0,4,-8.8,-22,0,-10.1,-3.5,-12.7,-7.6,-8.3,-10.2,-0.9,-3.5,-12.7,-7.6,-17.5,-17.5,-12.7,-3.5,-15.1,-17.5,-7.6,-10.1
b0238,0.467584637,2,153,2,4,2,3,-7.9,-18.3,0,-11.3,-5.3,-14.5,-5.3,-7.2,-13.7,0,-5.3,-14.5,-5.3,-16.8,-16.8,-13.7,-5.3,-16.8,-18,-5.3,-8.7
b0237,0.236452787,3,486,2,2,3,2,-15.7,-31.2,-3.3,-16.1,-4.3,-24.5,-8.4,-11.7,-23.6,-3.3,-3.3,-23.6,-11.6,-24.5,-24.5,-23.6,-5.2,-24.5,-31.1,-8.7,-15.7
b0226,0.321305347,5,87,2,4,4,0,-11.3,-32.1,-0.8,-13.5,-3.7,-16.3,-4.1,-7.5,-13.5,-3.7,-3.7,-14.3,-6.4,-24.1,-22.2,-14.3,-4.1,-20.9,-27.9,-6.4,-12
b0200,0.277928532,1,192,3,1,4,2,-13.3,-29.1,-1.7,-18.4,-6.2,-26.2,-6.5,-12.8,-18.4,-1.7,-3.3,-25.6,-11.2,-28.4,-26.7,-18.4,-6.2,-26.2,-28.9,-11.2,-16.2
b0194,0.145688504,1,573,3,4,1,1,-9.4,-28.3,0,-9.4,-3.5,-15.2,-6.3,-6.3,-12.4,0,-2.7,-13.3,-6.3,-20.4,-19.4,-13.2,-4.1,-18.5,-22.1,-6.3,-9.4
b0185,0.166223326,2,320,2,2,3,4,-8.2,-23.7,-2.7,-8.2,-5.3,-13.7,-5.3,-8.2,-11.6,-4.6,-5.3,-12.7,-8,-18.7,-16.9,-12.7,-5.3,-16.4,-23.1,-5.9,-8.2
b0178,0.284761432,1,162,1,0,4,1,-5.6,-27.9,0,-8.7,0,-15.7,0,-5.6,-11.6,0,0,-14.3,-3,-21.4,-18.8,-13.2,0,-15.7,-22.7,-0.8,-8.7
b0177,0.109656359,2,811,3,3,4,5,-9.6,-29.9,0,-11.1,-1.5,-21.4,-3.4,-8.2,-12.6,0,0,-20.4,-3.4,-27.2,-26.6,-17.8,-2.6,-23.6,-28.6,-3.4,-9.7
b0171,0.140751407,1,242,4,2,2,2,-5.7,-23.7,0,-5.8,-0.6,-15.9,-3.6,-5.7,-6.4,0,0,-8.5,-5.7,-19.8,-15.9,-7.6,-2.6,-15.9,-19.8,-3.6,-5.7
b0166,0.451149094,2,275,4,1,4,3,-5.2,-11.2,-0.7,-5.7,-1.7,-7.7,-2.5,-3.5,-6.6,-0.7,-1.1,-7.6,-3.5,-10.4,-10.4,-6.7,-2,-9.6,-10.4,-3.3,-5.2
b0161,0.396703054,2,475,3,2,3,3,-3,-19.3,-1.8,-7.2,-3,-13,-3,-3,-7.2,-1.8,-2.1,-11.8,-3,-16.3,-15.2,-9.5,-3,-13.9,-16.4,-3,-6.8
b0159,0.310706274,2,233,2,2,3,3,-7.5,-23.4,0,-8.2,-1.1,-18.1,-1.7,-6.1,-8.4,-1.1,-1.1,-18.1,-6.1,-18.9,-18.9,-16.8,-1.7,-18.9,-20.1,-2.1,-7.6
b0146,0.113520919,2,235,2,2,4,3,-10.1,-26.1,-3,-14.6,-4.1,-17.8,-5.7,-10,-16.3,-3,-4.1,-16.3,-5.7,-19.2,-17.8,-16.3,-4.1,-17.8,-20.5,-5.7,-10.1
b0145,0.271184996,3,152,3,2,4,0,-7.5,-24.4,0,-14.4,-4,-17.3,-5.7,-7.5,-16.5,-2.3,-4,-17,-5.7,-23.3,-23.3,-16.5,-4,-20,-23.8,-5.7,-7.5
b0131,0.391507434,2,127,2,0,4,3,-13.8,-30.6,-0.5,-13.8,-6,-25.2,-6,-11.7,-14.3,-5.9,-6,-16.1,-8.3,-27.5,-26.9,-14.9,-6,-25.8,-28.7,-7.7,-13.8
b0119,0.209592378,3,121,2,3,2,6,-11.5,-32.8,-2.6,-17.3,-8.6,-23.5,-8.6,-11.5,-22.6,-6.4,-8.6,-22.6,-8.6,-29.6,-29,-22.6,-8.6,-25.3,-29.6,-8.6,-11.5
b0116,0.194830663,2,475,2,1,4,1,-12,-32.1,-3.9,-14.5,-3.9,-22.7,-7.5,-7.5,-18.1,-3.9,-3.9,-22.7,-7.5,-29,-28.1,-18.1,-7.5,-25.5,-32.1,-7.5,-12.9
b0114,0.152479999,1,888,2,3,2,5,-6.2,-26.2,0,-8.2,0,-14.5,-1.4,-6.2,-9,0,0,-9.7,-6.2,-22.2,-18.6,-9,-1.3,-16.4,-23.2,-2.7,-8.2
b0112,0.071352525,3,458,1,3,3,1,-8.2,-28.5,0,-10.6,-1.9,-16,-2.5,-7.6,-11.1,0,-1.3,-16,-4.4,-18.6,-16.3,-16,-2.5,-16,-23.4,-2.7,-8.4
b0109,0.29588699,2,298,3,1,3,5,-7,-31.8,0,-10.8,-2.1,-14.6,-3.9,-5.6,-10.8,-0.5,-0.6,-12.3,-5.6,-29,-25.5,-11.4,-2.1,-18.3,-30.4,-4.4,-8.3
b0095,0.177868176,2,384,3,2,3,1,-8.6,-34,-2.9,-10.4,-4.8,-23,-4.8,-7.7,-13.1,-4.8,-4.8,-16.3,-7.7,-30.3,-25,-13.1,-4.8,-24.6,-31.6,-6.1,-9.1
b0094,0.074542112,4,421,4,3,3,2,-1.3,-19.3,0,-6.2,-1.2,-10.3,-1.2,-1.3,-6.2,0,0,-7,-1.2,-16.9,-14.4,-6.2,-1.2,-10.5,-19.3,-1.2,-2.9
b0075,0.052929582,4,29,2,1,4,4,-6.9,-26.9,-0.7,-6.9,-2.5,-15.8,-3.5,-6.9,-6.9,-2.5,-2.5,-15.2,-5.1,-26.9,-24,-11.1,-2.5,-20.3,-26.9,-3.8,-6.9
b0031,0.211559368,2,274,2,1,3,1,-7.1,-35.1,0,-12.6,0,-26.9,-1.4,-4,-14,0,0,-17.6,-4,-31.6,-30.1,-15.1,-0.9,-30.1,-33.4,-4,-8.7
b0026,0.20000603,2,939,1,3,4,3,-3.5,-25.8,0,-5,-2.2,-12.6,-2.2,-3.5,-5,0,-2.2,-12.2,-3.5,-21.8,-18.1,-12.2,-2.2,-17.6,-25.5,-3.5,-3.5
b0014,0.20867522,4,639,2,1,5,3,-7.8,-25.2,0,-10.3,0,-17.4,-2.9,-6.8,-11.3,0,0,-16.7,-6.7,-22.5,-20.1,-11.7,0,-19.4,-23.4,-2.9,-8.9
b0008,0.407157852,2,318,2,2,1,3,-2.7,-25.5,0,-7.5,0,-12.2,-0.3,-2.7,-7.5,0,0,-11.6,-2.7,-20.2,-19.7,-8.7,-0.3,-19.7,-20.2,-2.7,-5.8
b0001,0.268577564,0,22,2,5,0,2,-2.1,-15.9,0,-2.1,0,-4.5,0,-2.1,-2.1,0,0,-2.1,-2.1,-15.9,-14.5,-2.1,0,-11.9,-15.9,-2.1,-2.1
